algebra/binary-exp.md	Ikkilik darajaga oshirish	Daraja ko‘rsatkichi ikkilik ko‘rinishda ajratiladi: har qadamda asos kvadratga oshiriladi, kerakli bitlar uchun natijaga ko‘paytiriladi. Xuddi shu g‘oya assotsiativ amal mavjud bo‘lgan matritsa, permutatsiya va boshqa obyektlarga ham qo‘llanadi.	Vaqt O(log n), qo‘shimcha xotira iterativ variantda O(1).	Katta darajalar, modul bo‘yicha darajaga oshirish, matritsa va permutatsiya darajalari.
algebra/euclid-algorithm.md	EKUBni hisoblash uchun Evklid algoritmi	gcd(a,b)=gcd(b,a mod b) tengligi katta argumentni qoldiq bilan ketma-ket almashtirish imkonini beradi. Qoldiq nolga aylanganda, oxirgi noldan farqli qiymat EKUB bo‘ladi.	Vaqt O(log min(a,b)), xotira iterativ variantda O(1).	Kasrlarni qisqartirish, sonlar nazariyasi, modul arifmetikasi.
algebra/extended-euclid-algorithm.md	Kengaytirilgan Evklid algoritmi	Oddiy Evklid algoritmi bilan birga ax+by=gcd(a,b) tenglikni qanoatlantiruvchi x va y koeffitsiyentlari ham tiklanadi. Rekursiyadan qaytishda qoldiq tenglamalari orqaga qo‘yiladi.	Vaqt O(log min(|a|,|b|)), xotira O(log min(|a|,|b|)) rekursiv variantda.	Modul bo‘yicha teskari element, Diofant tenglamalari, CRT.
algebra/linear-diophantine-equation.md	Chiziqli Diofant tenglamalari	ax+by=c tenglama butun yechimga faqat gcd(a,b) soni c ni bo‘lganda ega. Bitta yechim kengaytirilgan Evklid orqali topilib, barcha yechimlar parametrik ko‘rinishda yoziladi.	Bitta tenglama uchun O(log min(|a|,|b|)).	Butun sonli cheklovlar, kongruensiyalar, yechimlarni oraliqda sanash.
algebra/fibonacci-numbers.md	Fibonacci sonlari	Fibonacci ketma-ketligi rekurrent formula, matritsa darajasi yoki fast doubling formulalari bilan hisoblanadi. Fast doubling bir qadamda F(2k) va F(2k+1) ni F(k),F(k+1) dan oladi.	Fast doubling yoki matritsa usuli bilan O(log n); oddiy iteratsiya O(n).	Rekurrent ketma-ketliklar, matritsa darajasi, kombinatorik sanash.
algebra/sieve-of-eratosthenes.md	Eratosthen elagi	2 dan n gacha sonlar avval tub deb olinadi, so‘ng har bir tub sonning undan boshlanadigan karralilari murakkab deb belgilanadi. Belgilashni p² dan boshlash takroriy ishni kamaytiradi.	Vaqt O(n log log n), xotira O(n).	Tub sonlar ro‘yxati, faktorizatsiya uchun tayyorlash, sonlar nazariyasi.
algebra/prime-sieve-linear.md	Chiziqli elak	Har bir murakkab son aynan eng kichik tub bo‘luvchisi orqali bir marta hosil qilinadi. Natijada tub sonlar ro‘yxati bilan birga smallest prime factor massivi ham olinadi.	Vaqt O(n), xotira O(n).	Ko‘p sonlarni tez faktorizatsiya qilish, arifmetik funksiyalarni hisoblash.
algebra/primality_tests.md	Tub sonlikni tekshirish usullari	Oddiy bo‘lish sinovi √n gacha bo‘luvchilarni tekshiradi; katta 64-bit sonlar uchun Miller–Rabin kabi testlar darajaga oshirish va guvohlar orqali ishlaydi. Deterministik bazalar tanlansa, 64-bit oraliqda aniq javob olish mumkin.	Oddiy sinov O(√n); Miller–Rabin murakkabligi raundlar va ko‘paytirish modeliga bog‘liq.	Katta tub sonlarni tekshirish, faktorizatsiya, kriptografik va kombinatorik hisoblar.
algebra/factorization.md	Butun sonni ko‘paytuvchilarga ajratish	Sonni tub ko‘paytuvchilarga ajratish uchun sinov bo‘lishi, oldindan hisoblangan eng kichik tub bo‘luvchilar, Fermat yoki Pollard’s rho kabi usullar tanlanadi. Usul son hajmi va so‘rovlar soniga moslanadi.	Usulga bog‘liq: sinov bo‘lishi O(√n), SPF bilan har bir faktorizatsiya O(log n) gacha.	Bo‘luvchilar, Euler funksiyasi, kongruensiyalar, sonlar nazariyasi.
algebra/phi-function.md	Eulerning φ funksiyasi	φ(n) — 1 dan n gacha n bilan o‘zaro tub sonlar soni. n ning turli tub bo‘luvchilari p uchun n·∏(1−1/p) formulasi faktorizatsiyadan bevosita kelib chiqadi.	Bitta n uchun faktorizatsiya bilan O(√n); 1..N uchun elak O(N log log N) yoki chiziqli usul O(N).	Euler teoremasi, modul darajalar, o‘zaro tub sonlarni sanash.
algebra/divisors.md	Bo‘luvchilar soni va bo‘luvchilar yig‘indisi	n=∏pᵢ^{aᵢ} faktorizatsiyasidan bo‘luvchilar soni ∏(aᵢ+1), yig‘indisi esa geometrik progressiyalar ko‘paytmasi sifatida olinadi. Shuning uchun asosiy xarajat faktorizatsiyaga to‘g‘ri keladi.	Faktorizatsiyadan keyin O(k), bu yerda k — turli tub bo‘luvchilar soni.	Bo‘luvchilarni sanash, mukammal sonlar, multiplikativ funksiyalar.
algebra/module-inverse.md	Modul bo‘yicha teskari element	a·x≡1 (mod m) tenglamadagi x faqat gcd(a,m)=1 bo‘lganda mavjud. Uni kengaytirilgan Evklid, Euler/Fermat teoremasi yoki ko‘p qiymatlar uchun chiziqli rekurrent formula bilan topish mumkin.	Bitta qiymat uchun O(log m); 1..m−1 inverslar uchun O(m).	Modul bo‘yicha bo‘lish, kombinatorika, CRT.
algebra/linear_congruence_equation.md	Chiziqli kongruensiya tenglamasi	a·x≡b (mod m) tenglama gcd(a,m) soni b ni bo‘lgandagina yechimga ega. Tenglama EKUBga bo‘linib, teskari element orqali asosiy yechim va barcha qoldiq sinflari olinadi.	O(log m).	Modul tenglamalar, davriy jarayonlar, Diofant masalalari.
algebra/chinese-remainder-theorem.md	Xitoy qoldiqlar teoremasi	Juft o‘zaro tub modullar uchun qoldiqlar sistemasi ularning ko‘paytmasi modulida yagona yechim beradi. Umumiy holatda modullar EKUBi bilan moslik tekshiriladi va yechimlar bosqichma-bosqich birlashtiriladi.	K ta kongruensiyani birlashtirish odatda O(k log M), katta son arifmetikasiga bog‘liq.	Turli modullardagi hisoblarni birlashtirish, katta modullar, rekonstruksiya.
algebra/garners-algorithm.md	Garner algoritmi	Garner algoritmi CRT yechimini aralash asosli sanoq tizimidagi raqamlar sifatida tiklaydi. Bu katta modullar ko‘paytmasini to‘g‘ridan-to‘g‘ri saqlamasdan kerakli modulda javob olishga yordam beradi.	K modul uchun odatda O(k²).	Modul rekonstruksiyasi, katta butun sonlarni bir nechta modullar orqali ifodalash.
algebra/factorial-modulo.md	p modul bo‘yicha faktorial	n! ichidagi p ko‘paytuvchilari ajratilib, qolgan ko‘paytma p modulida bloklar bo‘yicha hisoblanadi. Wilson teoremasi to‘liq bloklarni soddalashtirishga yordam beradi.	Oldindan hisoblash bilan taxminan O(p + log_p n) yoki variantga qarab O(p log_p n).	Binomial koeffitsiyentlar, p-adik darajalar, katta faktoriallar.
algebra/discrete-log.md	Diskret logarifm	a^x≡b (mod m) tenglamadagi x Baby-step–Giant-step orqali √m o‘lchamli ikki qismga ajratiladi. Umumiy modullarda o‘zaro tub bo‘lmagan omillar alohida qayta ishlanadi.	Vaqt va xotira O(√m) atrofida, qidiruv tuzilmasiga qarab log omili bo‘lishi mumkin.	Modul tenglamalar, diskret ildiz, siklik guruhlar.
algebra/primitive-root.md	Primitiv ildiz	Primitiv ildiz modul bo‘yicha barcha teskari qoldiqlarni darajalari bilan hosil qiluvchi elementdir. Nomzod g uchun φ(m) ning tub bo‘luvchilari q bo‘yicha g^{φ(m)/q}≠1 tekshiriladi.	Asosiy xarajat φ(m) ni faktorizatsiya qilish va bir nechta O(log m) darajaga oshirishdan iborat.	NTT, diskret logarifm, siklik guruhlar.
algebra/discrete-root.md	Diskret ildiz	x^k≡a (mod m) tenglama primitiv ildiz mavjud bo‘lgan hollarda ko‘rsatkichlar bo‘yicha chiziqli kongruensiyaga aylantiriladi. Diskret logarifm topilgach, barcha yechimlar tiklanadi.	Diskret logarifm va faktorizatsiya murakkabligiga bog‘liq; odatda O(√m) atrofida.	Modul tenglamalar, k-darajali qoldiqlar.
algebra/montgomery_multiplication.md	Montgomery ko‘paytirishi	Sonlar R ga ko‘paytirilgan Montgomery ko‘rinishida saqlanadi va modulga bo‘lish o‘rniga bit siljitish hamda oldindan hisoblangan teskari qiymat ishlatiladi. Bu ko‘p marotaba modul ko‘paytirishlarda tezlik beradi.	Mashina so‘zi sig‘adigan modul uchun har ko‘paytirish O(1); katta sonlarda razryadlar soniga bog‘liq.	Tez modul darajaga oshirish, primality testlari, kriptografik hisoblar.
algebra/balanced-ternary.md	Muvozanatlangan uchlik sanoq tizimi	Raqamlar −1, 0 va 1 qiymatlarini oladi; shu sabab manfiy va musbat sonlar alohida ishorasiz ifodalanadi. Oddiy uchlik yozuvdagi 2 raqami ko‘tarish orqali −1 ga aylantiriladi.	Konvertatsiya O(log₃ |n|).	Og‘irliklar masalasi, noodatiy sanoq tizimlari.
algebra/gray-code.md	Gray kodi	Ketma-ket Gray kodlar faqat bitta bit bilan farq qiladi. Oddiy ikkilik x dan Gray kodi x xor (x>>1) orqali, teskari o‘girish esa prefiks xorlar orqali olinadi.	Kodlash O(1) mashina so‘zi uchun; dekodlash O(log W).	Giper-kub yurishlari, kombinatsiyalar, xatoni kamaytiruvchi kodlash.
algebra/bit-manipulation.md	Bitlar bilan amallar	AND, OR, XOR, siljitish va eng kichik o‘rnatilgan bit kabi amallar butun sonni bitmask sifatida boshqaradi. To‘g‘ri maska va unsigned turlar chegaraviy xatolarni oldini oladi.	Har bir mashina amali O(1).	To‘plamlarni maskalash, tez tekshiruvlar, optimallashtirilgan DP.
algebra/all-submasks.md	Bitmask submaskalarini sanash	Berilgan maskaning barcha submaskalari s=(s−1)&m formulasi bilan takrorsiz va kamayish tartibida olinadi. Barcha maskalar ustida barcha submaskalarni ko‘rish umumiy 3^n holat beradi.	Bitta k-bitli maska uchun O(2^k); barcha n-bitli maskalar uchun O(3^n).	Subset DP, inclusion–exclusion, bitmask masalalari.
algebra/big-integer.md	Ixtiyoriy aniqlikdagi arifmetika	Katta son raqamlari yoki katta asosdagi bloklar vektorida saqlanib, ustun usulidagi qo‘shish, ayirish, ko‘paytirish va bo‘lish bajariladi. Normallashtirish yetakchi nollar va ko‘tarishlarni boshqaradi.	Amalga bog‘liq: qo‘shish O(n), oddiy ko‘paytirish O(nm).	Standart turlarga sig‘maydigan aniq hisoblar.
algebra/fft.md	Tez Fourier almashtirishi (FFT)	FFT koeffitsiyent ko‘rinishidagi ko‘phadni birlik ildizlaridagi qiymatlarga divide-and-conquer bilan o‘tkazadi. Nuqtama-nuqta ko‘paytirishdan so‘ng teskari FFT konvolyutsiyani beradi.	O(n log n) vaqt, O(n) xotira.	Ko‘phad ko‘paytirish, konvolyutsiya, katta sonlar.
algebra/polynomial.md	Ko‘phadlar va qatorlar ustida amallar	Ko‘phadlar qo‘shish, ko‘paytirish, bo‘lish, teskari qator, logarifm, eksponenta va multipoint evaluation kabi amallar bilan ishlanadi. Tez variantlar FFT/NTT va Newton iteratsiyasiga tayanadi.	Amalga bog‘liq; tez ko‘paytirish M(n)=O(n log n), ko‘p murakkab amallar O(M(n) log n).	Formal power series, kombinatorika, generatsiyalovchi funksiyalar.
algebra/continued-fractions.md	Uzluksiz kasrlar	Haqiqiy yoki ratsional son ketma-ket butun qismlar orqali uzluksiz kasrga ajratiladi. Konvergentlar sonni eng yaxshi kichik maxrajli ratsional yaqinlashuvlar bilan ifodalaydi.	Ratsional son uchun Evklid qadamlar soniga teng, O(log min(p,q)).	Diofant yaqinlashuvlari, Pell tenglamasi, ratsional rekonstruksiya.
algebra/factoring-exp.md	Faktorlash orqali ikkilik darajaga oshirish	Daraja ko‘rsatkichining yoki algebraik ifodaning ko‘paytuvchilari ajratilib, takroriy hisoblar qayta ishlatiladi. Maqsad ko‘paytirishlar sonini oddiy ketma-ket usulga nisbatan kamaytirishdir.	Aniq murakkablik tanlangan faktorizatsiya va daraja tuzilishiga bog‘liq.	Ko‘paytirishlar soni muhim bo‘lgan darajali ifodalar.
data_structures/stack_queue_modification.md	Minimum Stack va Minimum Queue	Har element bilan shu nuqtagacha minimum saqlansa, stack minimumi O(1) da olinadi. Queue ikki minimum-stack yoki monoton deque yordamida quriladi.	Har amal O(1), ikki stackli queue uchun amortizatsiyalangan O(1); xotira O(n).	Sliding window minimumi, online minimum so‘rovlari.
data_structures/sparse-table.md	Sparse Table	O‘zgarmaydigan massiv uchun 2^k uzunlikdagi oraliqlar javoblari oldindan hisoblanadi. Idempotent amallarda so‘rov ikki ustma-ust blok bilan O(1) da, umumiy assotsiativ amalda O(log n) da olinadi.	Qurish O(n log n), xotira O(n log n), RMQ so‘rovi O(1).	Statik RMQ, GCD va boshqa idempotent oraliq amallari.
data_structures/disjoint_set_union.md	Kesishmaydigan to‘plamlar birlashmasi (DSU)	Har to‘plam vakil tugun bilan ifodalanadi; path compression va union by size/rank daraxtlarni sayoz saqlaydi. find va unite amallari deyarli doimiy vaqtda ishlaydi.	Amortizatsiyalangan O(α(n)) har amal, xotira O(n).	Bog‘langan komponentlar, Kruskal, offline birlashtirish masalalari.
data_structures/fenwick.md	Fenwick daraxti	Massiv prefikslarining ikkilik bloklari tree massivida saqlanadi. i&−i indeksi qaysi blokni yangilash yoki yig‘ishga qo‘shishni belgilaydi.	Qurish O(n) yoki O(n log n), update va prefix query O(log n), xotira O(n).	Prefiks/oraliq yig‘indilari, inversiyalar, order statistic kengaytmalari.
data_structures/sqrt_decomposition.md	Sqrt Decomposition	Massiv taxminan √n o‘lchamli bloklarga bo‘linib, har blok uchun agregat saqlanadi. So‘rov to‘liq bloklar va chetdagi alohida elementlarni birlashtiradi.	Oddiy variantda update O(1), query O(√n); moslashtirilgan variantlar farq qiladi.	Oraliq so‘rovlari, Mo algoritmiga kirish, sodda online tuzilmalar.
data_structures/segment_tree.md	Segment daraxti	Massiv oraliqlari ikkiga bo‘linadigan daraxtda saqlanadi; tugunlar farzandlar agregatini birlashtiradi. Lazy propagation oraliq yangilanishlarini pastga faqat zarur paytda uzatadi.	Qurish O(n), so‘rov va nuqta yangilash O(log n), xotira O(n).	RMQ, yig‘indi, maksimum, oraliq yangilanishlari.
data_structures/treap.md	Treap	Treap kalit bo‘yicha binary search tree va tasodifiy prioritet bo‘yicha heap xususiyatlarini birlashtiradi. split va merge barcha asosiy amallarni sodda rekursiv shaklda beradi.	Kutilgan vaqt O(log n) har amal, xotira O(n).	Dinamik tartiblangan to‘plam, implicit sequence, kesish/qo‘shish amallari.
data_structures/sqrt-tree.md	Sqrt Tree	Massiv rekursiv √-bloklarga ajratilib, prefiks, suffiks va bloklar oralig‘idagi javoblar oldindan hisoblanadi. Assotsiativ amal uchun so‘rov juda kam tayyor qiymatni birlashtiradi.	Qurish O(n log log n), so‘rov O(1), xotira O(n log log n).	Statik assotsiativ range querylar.
data_structures/randomized_heap.md	Tasodifiylashtirilgan heap	Ikki heapni birlashtirishda chap yoki o‘ng farzand tasodifiy tanlanadi, natijada kutilgan balandlik logarifmik bo‘ladi. Insert va pop merge orqali ifodalanadi.	Kutilgan O(log n) har amal, xotira O(n).	Meldable priority queue, ko‘p heaplarni birlashtirish.
data_structures/deleting_in_log_n.md	Ma’lumotlar tuzilmasidan O(T(n) log n) da o‘chirish	O‘chirishni bevosita qo‘llamaydigan offline tuzilma vaqt bo‘yicha segment tree yoki divide-and-conquer qatlamlariga joylanadi. Har obyekt logarifmik sondagi tugunlarda yashaydi va rollback bilan holat tiklanadi.	Asosiy amal T(n) bo‘lsa, odatda O(T(n) log n) ko‘paytiruvchi omil.	Offline dynamic connectivity, vaqt oralig‘ida faol obyektlar.
dynamic_programming/intro-to-dp.md	Dinamik dasturlashga kirish	Masala ustma-ust keluvchi kichik masalalarga va optimal substructure xususiyatiga ega bo‘lsa, holat va o‘tishlar orqali yechimlar bir marta hisoblanadi. Memoization yuqoridan pastga, tabulation pastdan yuqoriga ishlaydi.	Holatlar soni × har holatdagi o‘tishlar soni; xotira saqlanadigan holatlarga teng.	Optimallashtirish, sanash, yo‘l va ketma-ketlik masalalari.
dynamic_programming/knapsack.md	Ryukzak masalasi	Har buyumning vazni va qiymati berilganda, sig‘imdan oshmasdan maksimal qiymat tanlanadi. 0/1 variantida sig‘im bo‘yicha teskari yurish bir buyumni bir marta ishlatishni ta’minlaydi.	0/1 variant uchun O(nW) vaqt va O(W) xotira.	Resurs taqsimlash, subset sum, tanlash masalalari.
dynamic_programming/longest_increasing_subsequence.md	Eng uzun o‘suvchi qism ketma-ketlik	Har uzunlik uchun mumkin bo‘lgan eng kichik oxirgi element saqlanadi; yangi element binary search bilan joylashtiriladi. Ota indekslar saqlansa, qism ketma-ketlikning o‘zi tiklanadi.	O(n log n) vaqt, O(n) xotira.	Tartiblanish, qism ketma-ketliklar, Dilworth turidagi masalalar.
dynamic_programming/divide-and-conquer-dp.md	Divide and Conquer yordamida DP optimallashtirishi	O‘tishdagi optimal bo‘linish indeksi monoton bo‘lsa, har DP qatori divide-and-conquer bilan faqat kerakli nomzod oralig‘ini tekshiradi. Shart noto‘g‘ri bo‘lsa optimallashtirish ishlamaydi.	Ko‘p tipik holatlarda O(k n²) dan O(k n log n) yoki O(k n) ga tushadi.	Partition DP, cost funksiyali guruhlash masalalari.
dynamic_programming/knuth-optimization.md	Knuth optimallashtirishi	Interval DPda quadrangle inequality va optimal bo‘linish monotonligi bajarilsa, opt[l][r] qidiruvi opt[l][r−1]..opt[l+1][r] bilan cheklanadi.	O(n³) interval DP odatda O(n²) ga tushadi; xotira O(n²).	Optimal birlashtirish, optimal binary search tree turidagi masalalar.
dynamic_programming/profile-dynamics.md	Buzilgan profil bo‘yicha DP: “Parquet” masalasi	Kengligi kichik panjara qatorma-qator yoki ustunma-ustun yurilib, navbatdagi chegaraning band kataklari bitmaskda saqlanadi. Har profil uchun joylashtirish variantlari generatsiya qilinadi.	O(n·2^m·poly(m)) atrofida, kichik o‘lcham m bo‘yicha eksponensial.	Domino tiling, kichik kenglikli panjaralar, transfer matrix.
dynamic_programming/zero_matrix.md	Eng katta nollardan iborat ostmatritsani topish	Har qator histogram balandliklariga aylantiriladi va histogramdagi eng katta to‘g‘ri to‘rtburchak monoton stack bilan topiladi. Shu yo‘l bilan barcha nollardan iborat maksimal maydon olinadi.	O(nm) vaqt, O(m) xotira.	Binary matritsadagi maksimal bo‘sh to‘g‘ri to‘rtburchak.
string/string-hashing.md	Satrlarni hash qilish	Satr polinomial hashga aylantiriladi; prefiks hashlar va asos darajalari ostsatr hashini O(1) da beradi. Kolliziya xavfi ikki modul yoki 64-bit hashing bilan kamaytiriladi, lekin nolga teng bo‘lmaydi.	Oldindan hisoblash O(n), ostsatr so‘rovi O(1), xotira O(n).	Ostsatrlarni taqqoslash, palindrome, dictionary va pattern qidiruvi.
string/rabin-karp.md	Satr qidirish uchun Rabin–Karp	Pattern hashi matndagi har bir teng uzunlikli oynaning hashi bilan solishtiriladi. Rolling hash oynani O(1) da siljitadi; hash mos kelsa kolliziya uchun bevosita tekshiruv qo‘shilishi mumkin.	O‘rtacha O(n+m), yomon holatda tekshiruvlar bilan O(nm).	Bitta yoki bir nechta patternni matnda qidirish.
string/prefix-function.md	Prefiks funksiya — Knuth–Morris–Pratt	π[i] satrning i da tugaydigan prefiksi bilan bir xil eng uzun proper prefiks uzunligini saqlaydi. Oldingi borderlardan qaytish orqali barcha qiymatlar chiziqli vaqtda olinadi.	O(n) vaqt, O(n) xotira.	KMP qidiruvi, periodlar, borderlar, satr avtomati.
string/z-function.md	Z-funksiya	z[i] — s va s[i..] suffixining eng uzun umumiy prefiksi. Eng o‘ngga yetgan [l,r) moslik oralig‘i saqlanib, uning ichidagi qiymatlar qayta ishlatiladi.	O(n) vaqt, O(n) xotira.	Pattern qidirish, periodlar, satr strukturasini tahlil qilish.
string/suffix-array.md	Suffix Array	Satr suffixlari leksikografik tartibdagi indekslar massivi bilan ifodalanadi. Doubling algoritmi 2^k uzunlikdagi sinflarni sortlab boradi; LCP qo‘shilsa qo‘shni suffixlar umumiy prefiksi olinadi.	Doubling bilan O(n log n), xotira O(n); LCP O(n).	Ostsatr qidiruvi, takrorlar, turli ostsatrlar soni.
string/aho_corasick.md	Aho–Corasick algoritmi	Patternlar triega joylanadi, so‘ng suffix linklar BFS bilan quriladi. Matn bo‘ylab bitta avtomat yurishi barcha pattern mosliklarini birgalikda topadi.	Qurish O(Σ|pattern|·alphabet variantiga qarab), qidirish O(|text|+javoblar).	Ko‘p patternli qidiruv, taqiqlangan satrlar, avtomat DP.
string/suffix-tree-ukkonen.md	Suffix Tree	Suffix tree satrning barcha suffixlarini siqilgan trie ko‘rinishida saqlaydi. Ukkonen algoritmi faol nuqta va suffix linklar bilan daraxtni online chiziqli vaqtda quradi.	Qurish O(n) mos alifbo modelida, xotira O(n).	Ostsatr qidiruvi, takrorlar, longest common substring.
string/suffix-automaton.md	Suffix Automaton	Minimal DFA satrning barcha ostsatrlarini qabul qiladi; har yangi belgi uchun state va zarur bo‘lsa clone yaratiladi. State intervali endpos ekvivalentlik sinfini ifodalaydi.	Qurish O(n) doimiy/kichik alifboda, xotira O(n).	Turli ostsatrlar soni, LCS, occurrence sanash.
string/lyndon_factorization.md	Lyndon faktorizatsiyasi	Duval algoritmi satrni leksikografik kamaymaydigan Lyndon so‘zlari ketma-ketligiga ajratadi. Taqqoslash ko‘rsatkichlari orqaga ketmaydi, shuning uchun ish chiziqli.	O(n) vaqt, O(1) qo‘shimcha xotira.	Minimal rotation, satrning kanonik ajratilishi.
string/expression_parsing.md	Ifodalarni tahlil qilish	Operator prioriteti va assotsiativligini hisobga olish uchun recursive descent yoki shunting-yard usuli ishlatiladi. Tokenlash, unary operatorlar va qavslar alohida holat sifatida boshqariladi.	O(n) vaqt, O(n) xotira.	Kalkulyator, AST qurish, kompilyatorlar.
string/manacher.md	Manacher algoritmi — barcha palindrom ostsatrlarni O(N) da topish	Har markaz uchun toq va juft palindrome radiuslari saqlanadi. Hozirgi eng o‘ng palindrome ichidagi simmetrik radius qayta ishlatilib, faqat chegaradan tashqarisi tekshiriladi.	O(n) vaqt, O(n) xotira.	Palindromlarni sanash, eng uzun palindrome, palindrome so‘rovlari.
string/main_lorentz.md	Takrorlanishlarni topish	Main–Lorentz divide-and-conquer usuli satrni ikkiga bo‘lib, markazni kesib o‘tuvchi repetitionsni LCP/LCS ma’lumotlari orqali topadi. Rekursiv qismlar qolgan repetitionsni qamrab oladi.	O(n log n) vaqt.	Runs va takrorlanuvchi bloklarni topish.
linear_algebra/linear-system-gauss.md	Gauss usuli va chiziqli tenglamalar sistemasi	Pivot ustun tanlanib, satrlar elementar amallar bilan echelon ko‘rinishga keltiriladi. Nol satrlar sistemaning yechimsiz, yagona yoki cheksiz yechimli ekanini aniqlaydi.	N×M sistema uchun O(min(N,M)·N·M), kvadrat holatda O(n³).	Chiziqli sistemalar, teskari matritsa, rank.
linear_algebra/determinant-gauss.md	Gauss usuli va determinant	Matritsa upper-triangular ko‘rinishga keltiriladi; determinant diagonal elementlar ko‘paytmasi va satr almashtirish ishorasidan olinadi. Floating pointda partial pivoting barqarorlikni oshiradi.	O(n³) vaqt, O(1) yoki O(n²) qo‘shimcha xotira saqlash usuliga qarab.	Determinant, chiziqli mustaqillik, geometriya.
linear_algebra/determinant-kraut.md	Kraut usuli va determinant	Kraut/LU dekompozitsiyasi A=L·U ko‘rinishni quradi. Determinant triangular matritsalar diagonallari ko‘paytmasidan olinadi; nol pivot uchun permutation zarur.	O(n³) vaqt, O(n²) xotira.	Ko‘p o‘ng tomonli sistemalar, determinant, LU decomposition.
linear_algebra/rank-matrix.md	Matritsa rangi	Gauss eliminatsiyasidan keyingi noldan farqli pivotlar soni matritsa rangidir. Modul maydonida teskari elementlar, floating pointda esa epsilon va pivoting ehtiyotkor tanlanadi.	O(min(N,M)·N·M), kvadrat matritsa uchun O(n³).	Chiziqli mustaqillik, sistema yechimlari soni.
algebra/factorial-divisors.md	Faktorial bo‘luvchisining darajasini topish	Legendre formulasi n! ichidagi p tub son darajasini ⌊n/p⌋+⌊n/p²⌋+… orqali hisoblaydi. Murakkab k uchun uning tub faktorizatsiyasi bo‘yicha cheklovlar minimumi olinadi.	Bitta tub p uchun O(log_p n); murakkab bo‘luvchi uchun faktorizatsiya xarajati qo‘shiladi.	Binomial koeffitsiyentlar, faktorialning bo‘linuvchanligi.
combinatorics/binomial-coefficients.md	Binomial koeffitsiyentlar	C(n,k) tanlashlar sonini ifodalaydi va Pascal rekurrenti, faktoriallar yoki multiplicative formula bilan hisoblanadi. Modul tub bo‘lsa faktorial va teskari faktoriallar ko‘p so‘rovni tezlashtiradi.	Pascal O(nk); oldindan hisoblash O(N), har so‘rov O(1).	Kombinatsiyalar, ehtimollik, combinatorial DP.
combinatorics/catalan-numbers.md	Catalan sonlari	Catalan sonlari muvozanatlangan qavslar, binary tree va triangulyatsiyalar kabi ko‘plab strukturalarni sanaydi. C_n=C(2n,n)/(n+1) formulasi yoki convolution rekurrenti ishlatiladi.	Formula uchun tayyor faktoriallar bilan O(1) so‘rov; DP bilan O(n²), ketma-ket formula bilan O(n).	Qavslar, daraxtlar, noncrossing strukturalar.
combinatorics/inclusion-exclusion.md	Kiritish–chiqarish prinsipi	Birlashma hajmi yakka to‘plamlar yig‘indisidan boshlanib, juft kesishmalar ayiriladi, uchliklar qo‘shiladi va ishora almashadi. “Hech biri” shartlari ham shu prinsip bilan sanaladi.	N ta xususiyat uchun odatda O(2^N·cost).	Cheklovli sanash, surjection, coprime sonlar.
combinatorics/burnside.md	Burnside lemmasi va Pólya sanash teoremasi	Simmetriyaga teng konfiguratsiyalar orbitlarga ajratiladi. Burnside bo‘yicha orbitlar soni har guruh elementi o‘zgartirmay qoldirgan konfiguratsiyalar sonining o‘rtachasidir; Pólya ranglashlarni cycle index bilan umumlashtiradi.	O(|G|·fixed_count_cost).	Aylantirish/akslantirish ostidagi ranglashlar va necklace masalalari.
combinatorics/stars_and_bars.md	Yulduzlar va ajratgichlar usuli	x₁+…+x_k=n ko‘rinishidagi manfiy bo‘lmagan butun yechimlar yulduzlar va ajratuvchilar bilan C(n+k−1,k−1) ga moslanadi. Musbat cheklovlar o‘zgaruvchilarni siljitish bilan olinadi.	Binomial koeffitsiyent tayyor bo‘lsa O(1).	Bir xil obyektlarni qutilarga taqsimlash, tenglama yechimlarini sanash.
combinatorics/generating_combinations.md	Barcha K-kombinatsiyalarni hosil qilish	K ta indeks o‘suvchi tartibda saqlanadi va eng o‘ng oshirish mumkin bo‘lgan indeks yangilanadi. Gray-code variantida ketma-ket kombinatsiyalar juda kam element bilan farq qiladi.	O(C(n,k)·k) chiqarish hajmi bilan, har kombinatsiyaga O(k) yoki variantda amortizatsiyalangan O(1).	Brute force, subset enumeratsiyasi, test generatsiyasi.
combinatorics/bishops-on-chessboard.md	Shaxmat taxtasiga fillarni joylashtirish	Fillar faqat bir xil rangdagi kataklarda hujumlashadi, shuning uchun qora va oq diagonallar alohida DP bilan sanaladi. So‘ng ikki rang bo‘yicha joylashtirish sonlari convolution qilinadi.	Taxta o‘lchami va k ga bog‘liq polinomial DP; odatda O(n²k) atrofida.	Diagonal konfliktli joylashtirishlarni sanash.
combinatorics/bracket_sequences.md	Muvozanatlangan qavslar ketma-ketliklari	Prefiks balans hech qachon manfiy bo‘lmasligi va oxirida nol bo‘lishi kerak. Catalan formulasi sanaydi; DP esa sanash, k-chi ketma-ketlikni qurish va bir nechta qavs turini boshqaradi.	Sanash DPsi O(n²), konstruksiya odatda O(n²) tayyorlash va O(n) tiklash.	Qavslar, parse tree, leksikografik generatsiya.
combinatorics/counting_labeled_graphs.md	Belgilangan graflarni sanash	Tugunlari 1..n bilan belgilangan graflar qirralar to‘plami orqali sanaladi; bog‘langan graflar soni barcha graflardan ajralgan komponent holatlarini ayirish rekurrenti bilan olinadi.	Aniq formula/DP turiga bog‘liq; bog‘langan graflar rekurrenti ko‘pincha O(n²).	Graf sinflarini kombinatorik sanash.
num_methods/binary_search.md	Ikkilik qidiruv	Monoton predikatning false va true qismlari orasidagi chegarani har qadamda intervalni teng ikkiga bo‘lib topadi. Invariant va yarim ochiq interval overflow hamda off-by-one xatolarini kamaytiradi.	O(log n) predikat chaqiruvi; javob bo‘yicha qidiruvda O(log range·cost).	Tartiblangan massiv, answer search, real sonlarda aniqlik qidiruvi.
num_methods/ternary_search.md	Uchlik qidiruv	Unimodal funksiya intervalida ikki ichki nuqta solishtirilib, maksimum yoki minimum bo‘lishi mumkin bo‘lmagan uchdan bir qism tashlanadi. Diskret holatda oxirgi kichik interval to‘liq tekshiriladi.	O(log range) iteratsiya, har iteratsiyada funksiya hisoblari.	Unimodal optimallashtirish, convex/concave bir o‘lchovli funksiyalar.
num_methods/roots_newton.md	Ildiz topish uchun Newton usuli	x_{k+1}=x_k−f(x_k)/f′(x_k) iteratsiyasi tangentning x-o‘qi bilan kesishuvini yangi yaqinlashuv sifatida oladi. Boshlang‘ich nuqta va derivative holati konvergentsiya uchun muhim.	Iteratsiyalar soniga bog‘liq; ildiz yaqinida odatda kvadratik konvergentsiya.	Tenglama ildizi, kvadrat ildiz, reciprocal hisoblash.
num_methods/simulated_annealing.md	Simulated Annealing	Mahalliy qo‘shni holatlar sinab ko‘riladi; yomonroq o‘tish ham temperaturaga bog‘liq ehtimol bilan qabul qilinadi. Temperatura pasaygani sari qidiruv global tadqiqotdan lokal yaxshilashga o‘tadi.	Belgilangan iteratsiyalar × qo‘shni baholash narxi; kafolatlangan aniq vaqt yo‘q.	NP-qiyin optimallashtirish, joylashtirish va marshrut masalalari.
num_methods/simpson-integration.md	Simpson formulasi bilan integrallash	Har juft kichik intervalda funksiya qiymatlari parabola bilan yaqinlashtiriladi va (b−a)/6·(f(a)+4f(mid)+f(b)) ishlatiladi. Composite yoki adaptive variant aniqlikni oshiradi.	Composite variant O(n) funksiya hisoblari; adaptive variant talab qilingan xatoga bog‘liq.	Sonli integral, uzluksiz funksiyalar maydoni.
geometry/basic-geometry.md	Geometriya asoslari	Nuqta va vektorlar qo‘shish, scalar/cross product, orientatsiya, proyeksiya va masofa kabi primitivlar yagona koordinata turida yoziladi. Epsilon faqat floating point zarur bo‘lgan joyda ishlatiladi.	Har bir primitiv amal O(1).	Chiziq, kesma, ko‘pburchak va qavariq qobiq algoritmlarining asosi.
geometry/segment-to-line.md	Kesma uchun to‘g‘ri chiziq tenglamasini topish	Ikki nuqta orqali Ax+By+C=0 ko‘rinishidagi chiziq koeffitsiyentlari cross productdan olinadi. Normalizatsiya bir xil chiziqlarni taqqoslashda muhim.	O(1).	Kesishish, masofa, chiziqlarni guruhlash.
geometry/lines-intersection.md	To‘g‘ri chiziqlarning kesishish nuqtasi	Ikki chiziq determinant yoki cross product bilan yechiladi. Determinant nol bo‘lsa chiziqlar parallel yoki ustma-ust; aks holda yagona kesishish nuqtasi bor.	O(1).	Geometrik konstruktsiyalar, segment va polygon amallari.
geometry/check-segments-intersection.md	Ikki kesma kesishishini tekshirish	Har kesmaning uchlari ikkinchi kesma chizig‘ining qarama-qarshi tomonlarida yotishi orientatsiya bilan tekshiriladi. Kollinear holatda bounding boxlar ustma-ustligi alohida ko‘riladi.	O(1).	Planar graf, sweep line, collision tekshiruvi.
geometry/segments-intersection.md	Kesmalar kesishmasi	Orientatsiya va parametrik chiziq tenglamalari kesmalar kesishmasi bo‘sh, bitta nuqta yoki kollinear interval ekanini aniqlaydi. Degenerate nuqta-kesmalar ham qamrab olinadi.	O(1).	Geometrik kesishmalar va clipping.
geometry/circle-line-intersection.md	Aylana va to‘g‘ri chiziq kesishmasi	Aylana markazidan chiziqqa perpendikulyar proyeksiya topilib, markazgacha masofa radius bilan solishtiriladi. Qolgan chord yarim uzunligi Pythagoras orqali olinadi.	O(1).	Aylana geometriyasi, tangens va chordlar.
geometry/circle-circle-intersection.md	Ikki aylananing kesishmasi	Markazlar orasidagi yo‘nalish bo‘yicha radical axisdagi asosiy nuqta topiladi, undan perpendikulyar siljish kesishish nuqtalarini beradi. Ajralgan, ichma-ich, urinuvchi va ustma-ust holatlar tekshiriladi.	O(1).	Aylana konstruktsiyalari va masofa cheklovlari.
geometry/tangents-to-two-circles.md	Ikki aylanaga umumiy urinmalar	Ichki va tashqi urinmalar radius ishoralari bilan yagona algebraik formula orqali quriladi. Markazlar masofasi mavjud tangenslar sonini belgilaydi.	O(1), eng ko‘pi bilan to‘rtta urinma.	Aylana qobig‘i, shortest path around obstacles.
geometry/length-of-segments-union.md	Kesmalar birlashmasining uzunligi	Barcha chap va o‘ng uchlar sortlanib, faol kesmalar soni sweep bilan yuritiladi. Faol son musbat bo‘lgan ketma-ket koordinatalar farqi javobga qo‘shiladi.	O(n log n) vaqt, O(n) xotira.	Interval qamrovi, vaqt va koordinata birlashmalari.
geometry/oriented-triangle-area.md	Uchburchakning yo‘nalgan yuzi	Cross product (b−a)×(c−a) ikki karra yo‘nalgan yuzni beradi. Ishora nuqtalarning clockwise yoki counterclockwise joylashganini ko‘rsatadi.	O(1).	Orientatsiya, polygon yuzi, convex hull.
geometry/area-of-simple-polygon.md	Sodda ko‘pburchak yuzi	Shoelace formulasi ketma-ket uchlar cross productlari yig‘indisining yarmidan yuzni oladi. Ishora uchlar aylanish yo‘nalishini ham ko‘rsatadi.	O(n) vaqt, O(1) qo‘shimcha xotira.	Polygon yuzi va orientatsiyasi.
geometry/point-in-convex-polygon.md	Nuqtaning qavariq ko‘pburchakka tegishliligini O(log N) da tekshirish	Bitta tayanch uchdan fan uchburchaklari hosil qilinadi; orientatsiya bilan mos sektor binary searchda topiladi. So‘ng nuqta bitta uchburchak ichida tekshiriladi.	Oldindan orientatsiya O(n), har so‘rov O(log n).	Ko‘p nuqta-in-convex-polygon so‘rovlari.
geometry/minkowski.md	Qavariq ko‘pburchaklarning Minkowski yig‘indisi	Ikki qavariq polygon qirra vektorlari burchak bo‘yicha merge qilinadi; boshlang‘ich uchlar qo‘shilib, natija qirralari ketma-ket yig‘iladi. Qavariqlik saqlanadi.	O(n+m) vaqt, uchlar siklik tartibda bo‘lsa.	Collision detection, masofa va konfiguratsiya fazosi.
geometry/picks-theorem.md	Pick teoremasi — panjaraviy ko‘pburchak yuzi	Butun koordinatali sodda polygon uchun A=I+B/2−1: I ichki, B chegaradagi panjara nuqtalari. B har qirra uchun gcd(|dx|,|dy|) yig‘indisi bilan topiladi.	O(n log C), EKUB xarajatini hisobga olib.	Panjaraviy polygon yuzi va ichki nuqtalar soni.
geometry/lattice-points.md	Panjaraviy bo‘lmagan ko‘pburchakdagi panjara nuqtalari	Chegaralari ixtiyoriy chiziqlardan iborat polygon ichidagi butun koordinatali nuqtalar scanline yoki floor-sum usullari bilan sanaladi. Chegara konvensiyasi aniq belgilanishi kerak.	Algoritm va koordinata chegaralariga bog‘liq.	Diskret geometriya, polygon ichidagi integer points.
geometry/convex-hull.md	Qavariq qobiqni qurish	Nuqtalar leksikografik sortlanib, pastki va yuqori zanjirlar monotonic chain bilan quriladi. Oxirgi burilish qavariqlik shartini buzsa, stackdan nuqta chiqariladi.	O(n log n) vaqt, O(n) xotira.	Geometrik qobiq, diameter, optimallashtirish.
geometry/convex_hull_trick.md	Convex Hull Trick va Li Chao Tree	Chiziqlar to‘plamidan berilgan x da minimum/maksimum qiymat olinadi. Monoton slope/queryda deque yetadi; Li Chao tree esa koordinata intervalida chiziqlarni segmentlarga joylaydi.	CHT shartlarda amortizatsiyalangan O(1) query; Li Chao insert/query O(log C).	Chiziqli o‘tishli DP optimallashtirish.
geometry/intersecting_segments.md	Kesishuvchi kesmalar juftini topish	Sweep line x bo‘yicha hodisalarni yuritib, faol kesmalarni y koordinatasi bo‘yicha tartiblangan to‘plamda saqlaydi. Yangi qo‘shni juftlar tekshirilishi kesishuvchi juft mavjudligini topishga yetadi.	O(n log n) vaqt, O(n) xotira.	Planar tekshiruv, segment collision.
geometry/planar.md	Tekis graf yuzlarini topish	Har tugundagi chiqish qirralari burchak bo‘yicha sortlanadi; har yo‘naltirilgan qirradan keyingi qirra tanlanib, yuz chegaralari aylanib chiqiladi. Yuzning yo‘nalgan yuzi tashqi yuzni ajratadi.	O(m log m) sortlash bilan, yurish O(m).	Planar embedding, yuzlarni sanash va dual graf.
geometry/point-location.md	Nuqta joylashuvini O(log N) da aniqlash	Planar subdivision oldindan trapezoidal/monoton tuzilma yoki persistent sweep bilan indekslanadi. Query nuqtasi qaysi yuzda ekanini binary searchga o‘xshash qarorlar bilan topadi.	Oldindan tayyorlash variantga bog‘liq; so‘rov O(log n).	GIS, planar maps, polygon subdivision.
geometry/nearest_points.md	Eng yaqin nuqtalar juftini topish	Nuqtalar x bo‘yicha bo‘linadi; har yarmdagi javobdan so‘ng ajratuvchi chiziq atrofidagi tor strip y bo‘yicha tekshiriladi. Har nuqta faqat doimiy sondagi keyingi nuqtalar bilan solishtiriladi.	O(n log n) vaqt, O(n) xotira.	Closest pair, geometric clustering.
geometry/delaunay.md	Delaunay triangulyatsiyasi va Voronoi diagrammasi	Delaunay triangulyatsiyasida hech bir nuqta uchburchak circumcircle ichida yotmaydi; uning duali Voronoi diagrammasidir. Orientation va in-circle predikatlarining aniqligi muhim.	Standart algoritmlar O(n log n) kutilgan yoki deterministik vaqt.	Nearest neighbor, mesh, geometric duality.
geometry/vertical_decomposition.md	Vertikal dekompozitsiya	Polygon yoki segment arrangementidan har uch orqali yuqori va pastga vertikal nurlar yuborilib, soha sodda trapezoidlarga bo‘linadi. Keyingi integrallash yoki point-location shu hujayralarda bajariladi.	Kirish va implementatsiyaga bog‘liq; ko‘pincha O(n log n + k).	Polygon integrali, arrangement, point location.
geometry/halfplane-intersection.md	Yarim tekisliklar kesishmasi — O(N log N) S&I algoritmi	Chegara chiziqlari burchak bo‘yicha sortlanadi, parallel cheklovlar qisqartiriladi va deque ichida faqat kesishmada qoluvchi chiziqlar saqlanadi. Natija qavariq polygon bo‘ladi.	O(n log n) vaqt, sortlangan burchaklarda O(n).	Chiziqli tengsizliklar, qavariq clipping.
geometry/manhattan-distance.md	Manhattan masofasi	L₁ masofa koordinata ishoralarini almashtirish bilan max of linear forms ko‘rinishiga keladi. 2Dda (x+y,x−y) transformatsiyasi ko‘plab masala va sweep usullarini soddalashtiradi.	Bitta juftlik O(d); ko‘p masalalarda O(n·2^d) yoki sortlash bilan O(n log n).	Diameter, nearest/farthest points, Manhattan MST.
geometry/enclosing-circle.md	Eng kichik qamrab oluvchi aylana	Nuqtalar tasodifiy tartibda ko‘riladi; tashqarida qolgan nuqta aylana chegarasiga majburiy kiritilib, 1–3 chegara nuqtadan yangi aylana quriladi. Randomizatsiya kutilgan chiziqli vaqt beradi.	Kutilgan O(n) vaqt, O(1) qo‘shimcha geometrik holat.	Nuqtalar to‘plamini minimal disk bilan qoplash.
graph/breadth-first-search.md	Kenglik bo‘yicha qidiruv (BFS)	BFS manba tugundan qatlamma-qatlam queue bilan yuradi. Vaznsiz grafda birinchi topilgan masofa qirralar soni bo‘yicha eng qisqa yo‘ldir; parentlar yo‘lni tiklaydi.	O(n+m) vaqt, O(n) xotira.	Vaznsiz eng qisqa yo‘l, komponentlar, 0–1 BFSga asos.
graph/depth-first-search.md	Chuqurlik bo‘yicha qidiruv (DFS)	DFS tugundan imkon qadar chuqur yurib, qaytishda qolgan qirralarni ko‘radi. Kirish/chiqish vaqtlar va ranglar qirra turini, sikllarni va subtree munosabatini ochadi.	O(n+m) vaqt, O(n) xotira.	Komponentlar, topological sort, bridges, SCC.
graph/search-for-connected-components.md	Grafda bog‘langan komponentlarni topish	Har hali ko‘rilmagan tugundan DFS yoki BFS boshlanib, erishiladigan barcha tugunlar bir komponentga belgilanadi. Har tugun va qirra bir marta ko‘riladi.	O(n+m) vaqt, O(n) xotira.	Grafni mustaqil qismlarga ajratish, component IDs.
graph/bridge-searching.md	Grafdagi ko‘priklarni $O(N+M)$ vaqtda topish	DFSda tin[v] kirish vaqti, low[v] esa subtree yoki back-edge orqali yetiladigan eng erta vaqtni saqlaydi. Agar low[to]>tin[v] bo‘lsa, (v,to) qirra ko‘prikdir.	O(n+m) vaqt, O(n) xotira.	2-edge-connected components, network vulnerability.
graph/bridge-searching-online.md	Ko‘priklarni onlayn topish	Qirralar qo‘shilganda 2-edge-connected components va connected components DSUga o‘xshash tuzilmalar bilan saqlanadi. Yangi qirra ikki daraxtni birlashtiradi yoki mavjud yo‘ldagi ko‘priklarni siklga aylantiradi.	Amortizatsiyalangan O(log n) yoki yaqin, implementatsiyaga bog‘liq.	Incremental connectivity va bridge count.
graph/cutpoints.md	Grafdagi artikulyatsiya nuqtalarini $O(N+M)$ vaqtda topish	DFSda farzand subtree low qiymati ota tugunning tin qiymatidan kichik bo‘lmasa, ota olib tashlanganda subtree ajraladi. DFS ildizi uchun kamida ikki mustaqil farzand sharti qo‘llanadi.	O(n+m) vaqt, O(n) xotira.	Biconnected components, network weak points.
graph/strongly-connected-components.md	Kuchli bog‘langan komponentlar va kondensatsiya grafi	SCC ichida har tugundan boshqasiga yo‘l mavjud. Kosaraju tugash tartibi va teskari grafdan, Tarjan esa low-link stackdan foydalanadi; komponentlarni siqish DAG beradi.	O(n+m) vaqt, O(n+m) xotira.	2-SAT, condensation DAG, reachability strukturasi.
graph/strong-orientation.md	Kuchli yo‘naltirish	Yo‘naltirilmagan bog‘langan graf qirralari kuchli bog‘langan digraf hosil qilishi uchun unda ko‘prik bo‘lmasligi kerak. DFS tree qirralari pastga, back qirralar ancestor tomonga yo‘naltiriladi.	O(n+m) vaqt.	Robbins teoremasi, bidirectional network orientation.
graph/dijkstra.md	Dijkstra algoritmi	Manfiy bo‘lmagan vaznli grafda eng kichik vaqtinchalik masofali tugun tanlanib, undan chiqadigan qirralar relax qilinadi. Tanlangan tugun masofasi endi o‘zgarmaydi.	Oddiy massiv variantida O(n²+m), xotira O(n+m).	Manfiy bo‘lmagan weighted shortest paths.
graph/dijkstra_sparse.md	Siyrak graflarda Dijkstra algoritmi	Priority queue faqat yaxshilangan masofalarni saqlaydi; eski queue yozuvlari chiqarilganda tashlab yuboriladi. Bu siyrak grafda n² tanlovni logarifmik amallarga almashtiradi.	O((n+m) log n), odatda O(m log n); xotira O(n+m).	Katta siyrak graflardagi shortest paths.
graph/bellman_ford.md	Bellman–Ford algoritmi	Barcha qirralar n−1 marta relax qilinadi, chunki sodda eng qisqa yo‘l ko‘pi bilan n−1 qirraga ega. Qo‘shimcha raunddagi yaxshilanish erishiladigan manfiy siklni bildiradi.	O(nm) vaqt, O(n) xotira.	Manfiy vaznlar, negative cycle detection, difference constraints.
graph/01_bfs.md	0–1 BFS	Qirra vaznlari faqat 0 yoki 1 bo‘lsa, deque masofalar tartibini saqlaydi: 0-vaznli relax oldiga, 1-vaznli relax orqasiga qo‘yiladi. Heap kerak bo‘lmaydi.	O(n+m) vaqt, O(n) xotira.	Binary-cost shortest path, state graphs.
graph/desopo_pape.md	D´Esopo–Pape algoritmi	Algoritm yaxshilangan tugunlarni dequega joylashtirib, oldin ko‘rilgan va yangi tugunlarni turlicha joylashtiradi. Amaliyotda tez bo‘lishi mumkin, ammo yomon holat murakkabligi kuchsiz.	Yomon holatda eksponensialgacha; amaliy natija grafga bog‘liq.	Ba’zi manfiy qirrali shortest path instansiyalari.
graph/all-pair-shortest-path-floyd-warshall.md	Floyd–Warshall algoritmi	d[i][j] ga ruxsat etilgan oraliq tugunlar to‘plami bosqichma-bosqich qo‘shiladi: d[i][j]=min(d[i][j],d[i][k]+d[k][j]). Shu DP barcha juftliklarni bir vaqtda yechadi.	O(n³) vaqt, O(n²) xotira.	All-pairs shortest paths, transitive closure, negative cycle tekshiruvi.
graph/fixed_length_paths.md	Belgilangan uzunlikdagi yo‘llar soni va eng qisqa yo‘llar	Adjacency matritsani oddiy semiringda darajaga oshirish uzunligi k bo‘lgan yurishlar sonini, min-plus semiringda esa aynan k qirrali eng qisqa yo‘llarni beradi.	Matritsa darajasi bilan O(n³ log k), tez matritsa usullariga qarab o‘zgaradi.	Fixed-length walks, transition systems.
graph/mst_prim.md	Minimal ostov daraxt — Prim algoritmi	Daraxtdagi tugunlar to‘plami o‘stirilib, undan tashqariga chiqadigan eng arzon qirra tanlanadi. Har tugun uchun daraxtga ulanishning eng yaxshi qirrasi saqlanadi.	Zich grafda O(n²), heap va adjacency list bilan O(m log n).	Minimum spanning tree, network design.
graph/mst_kruskal.md	Minimal ostov daraxt — Kruskal algoritmi	Qirralar vazn bo‘yicha sortlanadi va sikl hosil qilmaydiganlari ketma-ket olinadi. Komponentlarni tekshirish uchun sodda yoki DSU tuzilmasi ishlatiladi.	Sortlash bilan O(m log m), xotira O(n+m).	MST, clustering, minimum bottleneck tree.
graph/mst_kruskal_with_dsu.md	Minimal ostov daraxt — DSU bilan Kruskal algoritmi	Kruskalning har qirrasi uchlari DSUda turli komponentda bo‘lsa qabul qilinadi va komponentlar birlashtiriladi. Path compression va union by rank tekshiruvlarni deyarli doimiy qiladi.	O(m log m + m α(n)), amalda sortlash hukmron.	MST va component merging.
graph/second_best_mst.md	Ikkinchi eng yaxshi minimal ostov daraxt	Har MSTga kirmagan qirra qo‘shilganda sikl paydo bo‘ladi; sikldagi eng og‘ir qirrani olib tashlash yangi spanning tree beradi. Yo‘ldagi maksimum LCA/binary lifting bilan tez olinadi.	MSTdan keyin oldindan hisoblash O(n log n), qirralarni tekshirish O(m log n).	Second-best spanning tree va sensitivity analysis.
graph/kirchhoff-theorem.md	Kirchhoff teoremasi: ostov daraxtlar sonini topish	Grafning spanning tree soni Laplacian matritsasining istalgan bir satr va ustuni o‘chirilgan minor determinantiga teng. Parallel qirralar Laplacian koeffitsiyentlarida tabiiy hisobga olinadi.	Determinant orqali O(n³).	Spanning tree sanash, probabilistic graph models.
graph/pruefer_code.md	Prüfer kodi	n tugunli belgilangan daraxt n−2 uzunlikdagi ketma-ketlikka bijektiv mos keladi. Eng kichik bargni olib tashlash kodlaydi; darajalar va priority queue dekodlaydi.	Priority queue bilan O(n log n), maxsus pointer usuli bilan O(n).	Cayley formulasi, random labeled tree generation.
graph/finding-cycle.md	Grafning siklsizligini tekshirish va siklni $O(M)$ vaqtda topish	DFS ranglari oq, kulrang va qora holatlarni ajratadi; kulrang ancestor tomonga qirra siklni bildiradi. Parentlar orqali sikl tugunlari tiklanadi.	O(n+m) vaqt, O(n) xotira.	Acyclicity, topological sort, dependency validation.
graph/finding-negative-cycle-in-graph.md	Grafda manfiy siklni topish	Bellman–Ford n-chi raundda ham relax qilgan tugun manfiy sikldan ta’sirlanganini ko‘rsatadi. Parent bo‘yicha n marta yurib sikl ichiga kiriladi va sikl tiklanadi.	O(nm) vaqt, O(n) xotira.	Arbitrage, difference constraints, infeasibility.
graph/euler_path.md	Euler yo‘lini $O(M)$ vaqtda topish	Har qirrani aynan bir marta ishlatadigan yo‘l uchun daraja shartlari tekshiriladi. Hierholzer algoritmi ishlatilmagan qirralar bo‘ylab sikllar qurib, ularni bitta marshrutga birlashtiradi.	O(n+m) vaqt, O(n+m) xotira.	Route reconstruction, domino chains, edge-covering walks.
graph/lca.md	Eng yaqin umumiy ajdod — $O(N)$ oldindan ishlov bilan $O(\sqrt{N})$ va $O(\log N)$	Ildizli daraxtdagi ikki tugunning eng chuqur umumiy ajdodi LCA deyiladi. Euler tour + RMQ, binary lifting yoki offline DSU variantlari so‘rovlar turiga qarab tanlanadi.	Usulga bog‘liq; ko‘p usullarda tayyorlash O(n log n), so‘rov O(log n) yoki O(1).	Daraxt masofasi, yo‘l so‘rovlari, virtual tree.
graph/lca_binary_lifting.md	Eng yaqin umumiy ajdod — ikkilik ko‘tarilish	up[v][j] tugunning 2^j-chi ajdodini saqlaydi. Chuqurliklar tenglashtiriladi, so‘ng ikki tugun katta darajalardan pastga bir vaqtda ko‘tariladi.	Tayyorlash O(n log n), har so‘rov O(log n), xotira O(n log n).	LCA, k-chi ajdod, daraxt yo‘llari.
graph/lca_farachcoltonbender.md	Eng yaqin umumiy ajdod — Farach–Colton va Bender algoritmi	Euler tourdagi chuqurliklar ketma-ketligi qo‘shni qiymatlari ±1 farqli RMQga aylanadi. Blok turlari uchun microtable va blok minimumlari uchun sparse table O(1) so‘rov beradi.	Tayyorlash O(n), so‘rov O(1), xotira O(n).	Ko‘p LCA/RMQ so‘rovlari.
graph/rmq_linear.md	RMQ masalasini LCA topishga keltirib yechish	Cartesian tree massiv tartibini va minimum indeksini daraxt tuzilmasida kodlaydi. Oraliq minimumi mos tugunlarning LCAiga teng bo‘ladi.	Cartesian tree O(n); chiziqli LCA bilan tayyorlash O(n), so‘rov O(1).	Statik RMQ va Cartesian tree.
graph/lca_tarjan.md	Eng yaqin umumiy ajdod — Tarjanning offlayn algoritmi	DFS subtree tugagach DSU komponenti uning hozirgi ajdodiga belgilanadi. So‘rovning ikkinchi uchi allaqachon ko‘rilgan bo‘lsa, DSU vakilining ancestor qiymati LCAni beradi.	O((n+q) α(n)) vaqt, O(n+q) xotira.	Barcha LCA so‘rovlari oldindan ma’lum bo‘lgan holat.
graph/edmonds_karp.md	Maksimal oqim — Ford–Fulkerson va Edmonds–Karp	Residual grafda s dan t gacha augmenting path topilib, uning bottleneck qiymati oqimga qo‘shiladi. Edmonds–Karp eng kam qirrali yo‘lni BFS bilan tanlaydi.	Edmonds–Karp O(nm²); Ford–Fulkerson integral capacityda oqim qiymatiga bog‘liq.	Max flow, bipartite matching, min cut.
graph/push-relabel.md	Maksimal oqim — push–relabel algoritmi	Preflow tugunlarda ortiqcha oqimga ruxsat beradi; admissible qirralar bo‘ylab push qilinadi, yo‘l yo‘q bo‘lsa height oshiriladi. Lokal amallar augmenting pathni to‘liq qidirmaydi.	Umumiy variant O(n²m), xotira O(n+m).	Max flow, zich graflar.
graph/push-relabel-faster.md	Maksimal oqim — yaxshilangan push–relabel usuli	Highest-label tanlash, gap heuristic va global relabel kabi optimallashtirishlar faol tugunlarni samarali qayta ishlaydi. Nazariy va amaliy ishlash oddiy variantdan yaxshilanadi.	Tipik improved bound O(n³); amaliy tezlik grafga bog‘liq.	Katta max-flow instansiyalari.
graph/dinic.md	Maksimal oqim — Dinic algoritmi	BFS residual grafning level graphini quradi, DFS esa shu qatlamlarda blocking flow yuboradi. Har fazadan keyin eng qisqa augmenting path uzunligi ortadi.	Umumiy O(n²m); unit networklarda yaxshiroq boundlar mavjud.	Max flow, matching, cut modellari.
graph/mpm.md	Maksimal oqim — MPM algoritmi	Har level graphda tugun potensiali kiruvchi va chiquvchi residual capacity minimumi bilan o‘lchanadi. Eng kichik potensialli tugun orqali oqim bir yo‘la tarqatilib, blocking flow quriladi.	O(n³) vaqt, O(n+m) yoki implementatsiyaga mos xotira.	Zich graflarda maksimal oqim.
graph/flow_with_demands.md	Talabli oqimlar	Har qirraga pastki va yuqori chegara berilganda lower bound avval majburiy oqim sifatida ayriladi. Tugun balanslari super-source va super-sink qirralari bilan circulation feasibility max-flow masalasiga aylantiriladi.	Bir yoki bir necha max-flow hisobining murakkabligiga teng.	Circulation, majburiy tashish, scheduling.
graph/min_cost_flow.md	Minimal narxli oqim — ketma-ket eng qisqa yo‘llar algoritmi	Residual grafdagi eng arzon augmenting pathlar bo‘ylab oqim yuboriladi. Manfiy residual qirralar uchun potensiallar reduced costlarni manfiy bo‘lmagan qilib, Dijkstra ishlatishga imkon beradi.	Successive shortest path uchun taxminan O(F·m log n), F — yuborilgan birliklar/augmentlar; variantga bog‘liq.	Tayinlash, transport, cost-optimal matching.
graph/Assignment-problem-min-flow.md	Tayinlash masalasini minimal narxli oqim yordamida yechish	Ishchilar va vazifalar orasidagi xarajatlar bipartite grafga aylantiriladi; har tomonda capacity 1 bo‘lgan minimum-cost flow mukammal matchingni tanlaydi. Hungarian algoritmi maxsus tezroq yechim beradi.	Min-cost-flow variantiga bog‘liq; Hungarian O(n³).	Bir-biriga mos tayinlash va minimum xarajatli matching.
graph/stoer_wagner_mincut.md	Minimal kesim — Stoer–Wagner algoritmi	Yo‘naltirilmagan weighted grafda maximum adjacency search fazasi s–t cut beradi, so‘ng oxirgi ikki tugun birlashtiriladi. Barcha fazalardagi eng kichik cut global min-cutdir.	Oddiy matritsa implementatsiyasi O(n³).	Global minimum cut, network reliability.
graph/bipartite-check.md	Grafning ikki bo‘lakli ekanini tekshirish	BFS/DFS har qirra uchlarini qarama-qarshi ranglarga bo‘yaydi. Bir xil rangli qo‘shnilar topilsa, grafda toq sikl bor va u bipartite emas.	O(n+m) vaqt, O(n) xotira.	Matching, two-color constraints, odd cycle detection.
graph/kuhn_maximum_bipartite_matching.md	Ikki bo‘lakli grafda eng katta matching uchun Kuhn algoritmi	Chap tomondagi har tugun uchun augmenting path DFS bilan qidiriladi; band o‘ng tugun boshqa moslikka ko‘chirilishi mumkin. Har muvaffaqiyat matching hajmini bittaga oshiradi.	O(nm) yomon holatda; odatda O(VE).	Bipartite maximum matching, task assignment.
graph/hungarian-algorithm.md	Tayinlash masalasini yechish uchun Hungarian algoritmi	Cost matritsa dual potensiallar bilan kamaytiriladi va har bosqichda bitta yangi satr optimal matchingga qo‘shiladi. Reduced costlar va alternating path assignmentni minimal xarajatda saqlaydi.	O(n³) kvadrat matritsa uchun, xotira O(n²) yoki O(n).	Minimum-cost perfect bipartite matching.
graph/topological-sort.md	Topologik saralash	DAG tugunlari har qirra u→v uchun u oldin keladigan tartibga joylanadi. DFS tugash tartibining teskarisi yoki indegree nol tugunlar queue-si ishlatiladi.	O(n+m) vaqt, O(n) xotira.	Dependency ordering, DAG DP, cycle detection.
graph/edge_vertex_connectivity.md	Qirra bog‘liqligi / tugun bog‘liqligi	Ikki tugun orasidagi qirra- yoki tugun-disjoint yo‘llar soni Menger teoremasi orqali minimal cutga teng. Tugun capacitysi vertex splitting bilan edge capacityga aylantiriladi.	Max-flow hisobining murakkabligiga bog‘liq.	Network robustness, disjoint paths.
graph/tree_painting.md	Daraxt qirralarini bo‘yash	Bir ildiz uchun subtree qiymatlari hisoblanadi, keyin rerooting formulasi javobni ota tugundan farzandga O(1) da ko‘chiradi. Shunday qilib har mumkin ildiz uchun qiymat qayta DFSsiz olinadi.	O(n) vaqt, O(n) xotira.	Rerooting DP, barcha ildizlar uchun masofa/yig‘indi.
graph/2SAT.md	2-SAT	Har literal va uning inkori implication graph tuguni bo‘ladi; (a∨b) klauza ¬a→b va ¬b→a qirralarini beradi. Formula faqat literal va inkori bir SCCda bo‘lmasa qanoatlantiriladi.	O(n+m) vaqt va xotira.	Boolean constraints, selection va orientation masalalari.
graph/hld.md	Og‘ir-yengil dekompozitsiya	Har tugunda eng katta subtree qirrasi heavy deb belgilanadi; root-to-node yo‘l O(log n) ta heavy zanjirga bo‘linadi. Zanjir pozitsiyalari segment tree/Fenwickda saqlanadi.	Qurish O(n), yo‘l so‘rovi odatda O(log² n), ba’zi amallarda O(log n).	Daraxt yo‘li va subtree so‘rovlari.
graph/centroid_decomposition.md	Centroid dekompozitsiyasi	Daraxtning centroidi olib tashlanganda har komponent ko‘pi bilan yarmiga teng bo‘ladi; komponentlar rekursiv ajratilib centroid tree quriladi. Har tugun O(log n) centroid ajdodga ega.	Qurish O(n log n), query/update ko‘pincha O(log n) yoki O(log² n).	Dinamik eng yaqin belgilangan tugun, tree distance queries.
sequences/rmq.md	RMQ — oraliqdagi eng kichik element	Range Minimum Query statik yoki dinamik massivdagi [l,r] minimumini so‘raydi. Sparse table, segment tree, sqrt decomposition yoki Cartesian tree cheklovga qarab tanlanadi.	Usulga bog‘liq: sparse table O(n log n)/O(1), segment tree O(n)/O(log n).	Oraliq minimumlari, LCA, DP optimallashtirish.
others/maximum_average_segment.md	Eng katta yoki eng kichik yig‘indili ostkesmani topish	Kadane algoritmi har pozitsiyada shu yerda tugaydigan eng yaxshi ostkesma yig‘indisini saqlaydi va manfiy prefiksni tashlaydi. Minimum variant ishorani yoki min amalini almashtiradi.	O(n) vaqt, O(1) qo‘shimcha xotira.	Maximum subarray, profit intervals, prefix-sum optimallashtirish.
sequences/k-th.md	K-tartibli statistika O(N) da	Quickselect pivot bo‘yicha partition qilib faqat k joylashgan tomonni davom ettiradi; median-of-medians pivot tanlovi yomon holatda ham muvozanat kafolatlaydi.	Quickselect kutilgan O(n), median-of-medians yomon holatda O(n); xotira O(1) in-place.	Median, percentile, qisman tartiblash.
sequences/mex.md	MEX — massivdagi eng kichik mavjud bo‘lmagan element	MEX to‘plamda yo‘q eng kichik manfiy bo‘lmagan butun son. Statik massivda mavjudlik massivi, dinamik holatda frequency va missing qiymatlar to‘plami ishlatiladi.	Statik O(n); dinamik update/query tuzilmaga qarab O(log n) yoki O(1) amortizatsiyalangan.	Game theory, permutation va array invariantlari.
game_theory/games_on_graphs.md	Ixtiyoriy graflardagi o‘yinlar	Holatlar graf tugunlari, yurishlar qirralar sifatida olinadi. Terminal holatlardan retrograde analysis bilan yutuvchi va yutqazuvchi holatlar tarqatiladi; siklli qism durang bo‘lishi mumkin.	O(n+m) vaqt, O(n+m) xotira.	Turn-based games, strategy reconstruction.
game_theory/sprague-grundy-nim.md	Sprague–Grundy teoremasi. Nim	Har impartial holatning Grundy soni uning keyingi holatlari Grundy qiymatlarining mexidir. Mustaqil o‘yinlar xor bilan qo‘shiladi; umumiy xor nol bo‘lsa pozitsiya yutqazuvchi.	Holatlar va o‘tishlar soniga proporsional, mex hisobiga bog‘liq.	Impartial combinatorial games, winning move topish.
schedules/schedule_one_machine.md	Ishlarni bitta mashinada rejalashtirish	Bitta mashina masalalarida optimal tartib maqsad funksiyasiga bog‘liq: deadline, processing time, penalty yoki waiting time. Exchange argument qo‘shni ishlarni almashtirish orqali tanlangan sort mezonini isbotlaydi.	Ko‘p klassik variantlarda sortlash sabab O(n log n).	Job sequencing, penalty va completion-time optimallashtirish.
schedules/schedule_two_machines.md	Ishlarni ikkita mashinada rejalashtirish	Har ish avval birinchi, keyin ikkinchi mashinadan o‘tadigan flow-shop holatida Johnson qoidasi ishlaydi: kichik birinchi vaqtlar oldinga, kichik ikkinchi vaqtlar orqaga joylanadi.	O(n log n) sortlash bilan.	Two-machine flow shop, makespan minimallashtirish.
schedules/schedule-with-completion-duration.md	Deadline va davomiyliklar berilganda optimal jadval	Ishlar deadline bo‘yicha ko‘rilib, tanlangan davomiyliklar max-heapda saqlanadi. Jami vaqt deadlinedan oshsa, eng uzun ish chiqarilib, bajariladigan ishlar soni maksimal saqlanadi.	O(n log n) vaqt, O(n) xotira.	Deadline ostida maksimal ishlar soni.
others/tortoise_and_hare.md	Tortoise and Hare — bog‘langan ro‘yxatda siklni aniqlash	Floyd usulida sekin ko‘rsatkich bir, tez ko‘rsatkich ikki qadam yuradi; sikl bo‘lsa ular uchrashadi. Keyin bittasi boshga qaytarilib, bir xil tezlikda yurish sikl kirishini topadi.	O(n) vaqt, O(1) xotira.	Linked-list cycle, funksional graf davri va preperiodi.
others/josephus_problem.md	Josephus masalasi	Doirada har k-chi odam chiqarilganda tirik qoluvchi indeks J(n,k)=(J(n−1,k)+k) mod n rekurrenti bilan olinadi. Maxsus k=2 holati bitlar orqali yopiq formulaga ega.	Umumiy rekurrent O(n) vaqt, O(1) xotira; k=2 uchun O(1).	Cyclic elimination, modular recurrence.
others/15-puzzle.md	15 Puzzle: yechim mavjudligi	Plitkalar inversiyalari va bo‘sh katak qatori parity invariantini beradi. Boshlang‘ich va maqsad konfiguratsiyalar invariantlari mos bo‘lsa va faqat shunda yechim mavjud.	Inversiyalarni oddiy sanash O(n²), Fenwick bilan O(n log n).	Sliding puzzle solvability, permutation parity.
others/stern_brocot_tree_farey_sequences.md	Stern–Brocot daraxti va Farey ketma-ketliklari	Stern–Brocot daraxti barcha musbat qisqarmas ratsional sonlarni mediant orqali aynan bir marta hosil qiladi. Farey ketma-ketliklari maxraji cheklangan ratsionallarni tartibda beradi va qo‘shnilar determinant xususiyatiga ega.	Yo‘l/ketma-ketlik uzunligiga proporsional; aniq generatsiya chegaraga bog‘liq.	Ratsional qidiruv, continued fractions, Diophantine approximation.
